sentence_chunk,chunk_char_count,chunk_word_count,chunk_token_count,embedding
"Mongol empire, empire founded by Genghis Khan in 1206. Originating from the Mongol heartland in the Steppe of central Asia, by the late 13th century it spanned from the Pacific Ocean in the east to the Danube River and the shores of the Persian Gulf in the west. At its peak, it covered some 9 million square miles (23 million square km) of territory, making it the largest contiguous land empire in world history The year 1206, when Temüjin, son of Yesügei, was elected Genghis Khan of a federation of tribes on the banks of the Onon River, must be regarded as the beginning of the Mongol empire. This federation not only consisted of Mongols in the proper sense—that is, Mongol-speaking tribes—but also other Turkic tribes. Before 1206 Genghis Khan was but one of the tribal leaders fighting for supremacy in the steppe regions south and southeast of Lake Baikal; his victories over the Kereit and then the Naiman Turks, however, gave him undisputed authority over the whole of what is now Mongolia. A series of campaigns, some of them carried out simultaneously, followed. The first attack (1205–09) was directed against the Tangut kingdom of Hsi Hsia (Xi Xia), a northwestern border-state of China, and ended in a declaration of allegiance by the Xi Xia king. A subsequent campaign was aimed at north China, which at that time was ruled by the Tungusic Jin dynasty.",1369,235,342.25,"[-5.82799362e-03 -3.54783274e-02 -1.16055394e-02 -3.93830575e-02
  2.31051371e-02  8.65542702e-03  5.85587323e-02 -2.63474919e-02
  9.16801170e-02 -2.75094602e-02  3.58594675e-03 -1.20415352e-01
  1.77128799e-02  2.06216350e-02  5.72430193e-02  2.89245658e-02
  1.84094757e-02  1.67910103e-02 -4.01966088e-03  3.38376984e-02
  7.72204995e-03  2.42064497e-03 -2.97286138e-02  7.15988642e-03
 -6.02334104e-02 -1.79415606e-02 -1.95144862e-02 -4.19283174e-02
 -3.73216160e-02 -4.65913340e-02  5.58103770e-02 -2.67260633e-02
 -2.27171648e-02  1.07382014e-02  2.46900072e-06 -1.42013673e-02
 -5.93733601e-02 -2.13071089e-02  3.38375904e-02 -3.92318191e-03
  1.06892399e-02  4.59980071e-02 -2.22859215e-02 -3.12900357e-02
  4.01046909e-02  2.59598270e-02  2.45682187e-02  8.75836089e-02
  4.76449132e-02  1.03477826e-02 -4.78266086e-03 -5.94074205e-02
  2.56974269e-02  5.96550666e-03 -6.77594692e-02 -2.84485873e-02
  2.80358810e-02  4.48115692e-02 -3.45484465e-02 -1.68615598e-02
 -3.38774058e-03 -4.80040628e-03  1.51851038e-02 -3.48566808e-02
 -1.52122090e-02 -1.96013208e-02 -1.56428777e-02  4.04413640e-02
  4.29371521e-02 -1.95184797e-02  3.60291414e-02  1.12671442e-02
  1.53057082e-02  1.51382014e-02 -5.93874976e-03 -1.79735087e-02
  1.18229701e-03  6.19944111e-02  5.01124635e-02 -1.80735439e-02
 -2.26956643e-02 -4.62645330e-02 -1.15270056e-02 -1.58450343e-02
 -3.00999843e-02  1.84282940e-02  2.88616922e-02 -4.61915694e-02
 -3.66418250e-02  1.27014639e-02 -2.35580187e-02  1.39376614e-02
 -3.31648253e-02  4.47254367e-02 -1.19382054e-01  2.42820964e-03
  1.93855893e-02  2.54982505e-02 -2.67596040e-02  7.31679201e-02
 -3.93707268e-02 -3.02510019e-02 -1.97324133e-03 -5.32106794e-02
 -4.63652313e-02  6.46377578e-02 -1.77639052e-02 -1.90744016e-04
 -3.37548442e-02 -1.28422314e-02 -4.26571779e-02 -5.35388663e-02
 -3.04475762e-02  1.16648031e-02  2.30036508e-02 -1.86028201e-02
 -2.05946155e-02  1.90375447e-02  1.82268173e-02  2.16502529e-02
 -5.67299016e-02 -1.14340307e-02  1.59732625e-02 -1.09085878e-02
 -4.55793887e-02 -6.75982982e-03 -3.33612375e-02 -2.33607367e-02
  5.28852362e-03 -6.17932109e-03  7.52109475e-03  4.29241695e-02
 -2.16544773e-02  2.22154558e-02 -1.94120388e-02  2.62993248e-03
 -1.35334423e-02  1.03506064e-02  3.58794853e-02  4.70751077e-02
  6.18686434e-03  6.93915933e-02 -3.04918215e-02 -3.41964252e-02
 -1.28693609e-02  2.15862356e-02 -3.41178849e-02 -3.32188583e-03
  1.34332003e-02 -3.93251479e-02 -2.13170443e-02 -4.23076935e-02
 -3.64243574e-02 -1.43468322e-03 -1.61310807e-02  2.78875213e-02
 -1.08362874e-02 -3.49874683e-02  3.67379412e-02  3.13089369e-03
  6.37635738e-02  6.06801398e-02  4.53493483e-02 -2.28587352e-02
  4.80834246e-02 -1.12151550e-02 -5.23888564e-04  1.33702485e-03
  5.77954650e-02  5.85866719e-03 -4.70274538e-02  3.35216224e-02
  2.29310356e-02  6.41739666e-02  3.69421355e-02  4.60027670e-03
  1.14910165e-02  5.93025498e-02 -4.82430458e-02  5.58581017e-02
 -3.05001568e-02 -1.64425317e-02 -1.74310664e-03 -3.91011946e-02
  3.06419320e-02 -3.33760027e-03  2.17433665e-02 -1.80976256e-03
  4.15000580e-02  3.61962419e-04 -4.04748060e-02  3.17609869e-03
  2.90194172e-02 -1.01605419e-03  4.61416058e-02  1.59086194e-02
 -8.19450337e-03  1.06795825e-01 -5.42409811e-03 -2.17828294e-03
  4.10369225e-02  2.50637997e-02  4.78295796e-02 -3.07957083e-02
 -6.00430649e-04 -3.31264846e-02 -1.29242176e-02 -6.20746100e-03
 -3.09576280e-03 -6.66127726e-02  7.09608430e-03 -6.57162815e-03
 -3.78931873e-02 -4.73391414e-02 -1.14435726e-03  2.28648540e-02
 -3.60246450e-02 -3.61448340e-02  6.74192421e-03  2.89098616e-03
  1.43077429e-02  2.36739609e-02  3.49833146e-02  2.87784189e-02
 -5.57810664e-02 -4.72145043e-02 -2.15653293e-02  9.73486900e-03
  2.80768033e-02 -1.57780349e-02 -1.62183661e-02  1.77394878e-02
 -4.88556698e-02  4.43820544e-02 -9.66692567e-02  9.13318153e-03
  4.25029099e-02 -4.23059724e-02  7.54861394e-03  3.28487270e-02
  1.86896175e-02 -2.10299771e-02 -4.83575417e-03  6.45525986e-03
  1.98573545e-02 -4.92587723e-02 -5.87926172e-02 -3.98315303e-02
 -1.51504884e-02 -3.59195806e-02 -2.20421981e-02 -3.56100383e-04
  1.17737483e-02  6.97367406e-03  1.82923786e-02  4.67747375e-02
  1.87588297e-03 -1.15365423e-02  1.52918033e-03  2.22480260e-02
 -4.75474298e-02  6.61075208e-03 -5.43428324e-02  4.11629938e-02
  1.99308041e-02  1.80006884e-02  1.04881059e-02 -3.19378451e-02
  3.47801074e-02  5.33757126e-03 -4.11726721e-02 -5.67412004e-02
 -1.75521635e-02  2.16361042e-02 -3.61215286e-02 -1.65913869e-02
 -2.15252582e-02 -8.38800147e-03 -2.28786021e-02  3.21296006e-02
  2.37046625e-03  1.68200908e-03  1.54510476e-02 -2.38220897e-02
  2.69283485e-02 -3.98168387e-03  3.30181345e-02  1.30433589e-02
  5.06727360e-02 -8.61406326e-02 -3.95678617e-02 -5.54738799e-03
 -4.42420170e-02 -3.93236503e-02 -7.43850693e-03 -1.86571535e-02
 -1.03442512e-01  1.60646811e-02  2.29358636e-02  5.39018633e-03
  1.77366994e-02 -6.24074899e-02  9.38738510e-02  1.48239778e-02
 -2.55412944e-02  2.56052557e-02 -2.18394399e-03 -2.10082084e-02
  5.47328498e-03  6.04253449e-02  5.11512943e-02 -2.11364590e-02
 -2.98913084e-02 -1.28894806e-01 -3.22772823e-02  3.63255292e-02
 -1.65356621e-02  6.19929954e-02 -1.54684833e-03  2.51748431e-02
 -1.31055731e-02  1.74785424e-02 -2.82157995e-02  3.73460203e-02
 -2.37621870e-02  1.48340231e-02  4.32243794e-02 -2.75363587e-02
 -1.53392442e-02  5.99412173e-02  3.15353135e-03 -4.26991209e-02
 -7.76681164e-03  1.61738005e-02  3.36090513e-02 -2.82162093e-02
 -1.72654185e-02 -7.77658522e-02  4.55004834e-02 -3.48134041e-02
 -1.58187021e-02  5.41305766e-02 -4.25081849e-02  6.46228939e-02
  4.20795381e-02  4.19133715e-03  8.02987516e-02 -1.02322632e-02
  5.21436930e-02  3.09263356e-02 -1.17016491e-02 -3.28034461e-02
 -2.94457823e-02  6.59794882e-02 -4.92283516e-03  8.98373798e-02
  1.36192702e-02  3.65570257e-03  3.40597704e-02  6.04407638e-02
  9.09645483e-02  2.71524042e-02 -1.63909942e-02  2.44601015e-02
  4.72354852e-02 -1.42390914e-02 -1.03492923e-02 -3.88044268e-02
 -1.84414051e-02 -6.89770468e-03 -3.67627922e-03  1.89633202e-02
  5.92983030e-02  1.01530086e-02  9.98303294e-03  1.16709441e-01
  2.71912925e-02  5.31197190e-02 -7.77670816e-02  2.31950991e-02
 -4.74822149e-02 -1.03153564e-01  1.78654529e-02  1.21254390e-02
 -5.49988411e-02 -2.67060827e-02  3.41513343e-02  3.71159427e-02
 -6.36477992e-02 -5.91641366e-02  2.46611387e-02  1.41812190e-02
  2.97789108e-02  1.10411616e-02  1.49426481e-03 -1.63813233e-02
  1.24389399e-03 -1.38659459e-02 -4.76244129e-02  1.76662933e-02
  7.36346887e-03 -3.70184220e-02 -2.54379166e-03 -1.26897385e-02
 -1.74446367e-02 -1.29930098e-02  1.36734173e-02  1.48820393e-02
  2.40407120e-02 -2.15354562e-02  1.91812944e-02  2.97112428e-02
 -3.49706551e-03  3.54729593e-02 -1.64612625e-02  5.14830872e-02
  2.96722520e-02 -5.48404129e-03 -4.95984368e-02 -2.98181665e-04
 -7.16988370e-03  3.69540155e-02 -2.38266345e-02  1.26068695e-02
 -8.07090569e-03  2.16307938e-02 -1.59108583e-02  3.59339006e-02
  3.41312289e-02 -2.46372335e-02 -2.74642017e-02 -6.61253463e-03
  2.94842999e-02 -4.30925377e-02 -2.76708836e-03 -4.96544763e-02
  1.21964198e-02  4.58418541e-02  6.69049844e-02 -3.75879370e-02
 -1.15887169e-02 -2.79812142e-02 -5.29198274e-02  7.36717656e-02
  3.21793221e-02  1.03534907e-02  2.54650190e-02  6.23130379e-03
 -1.57811176e-02  6.04379084e-03 -2.05835253e-02 -6.00666404e-02
 -2.84619443e-02 -4.98590991e-03 -2.64210403e-02  2.06801221e-02
  1.23182476e-01  3.50066856e-03  2.33321376e-02 -2.94717345e-02
 -3.59728262e-02 -3.06910165e-02 -2.61538494e-02  1.08859874e-02
  2.51650140e-02  8.60108286e-02 -4.43336219e-02 -2.04039011e-02
 -1.44835678e-03  8.70062131e-03 -1.41746597e-02 -3.51775922e-02
  9.19818413e-03 -3.55576389e-02  5.40524945e-02  7.42074195e-03
 -2.77688187e-02 -8.45838629e-04  5.87687157e-02 -5.84081374e-02
 -1.77707970e-02  2.33517289e-02  7.99365435e-03  3.76727246e-03
  2.14886591e-02 -3.97524610e-02 -5.25799654e-02 -2.36864015e-03
 -3.40733603e-02 -1.59955919e-02 -1.76447779e-02  1.73722897e-02
 -1.60912890e-02  5.54957688e-02  1.94192212e-02 -1.57629829e-02
 -7.63805211e-02 -1.08464165e-02 -1.93857793e-02  7.77216628e-02
 -2.39189900e-02  2.70908289e-02 -2.87504625e-02 -4.29912060e-02
  3.22219334e-03 -3.68429348e-03  1.14271455e-02  1.02850946e-03
  8.84632394e-03 -1.44775454e-02  5.22896498e-02  1.09803667e-02
  4.41493019e-02  1.42492885e-02  2.67867502e-02 -2.33821874e-03
 -3.41474474e-03 -1.89641900e-02 -4.78759408e-03 -2.70436220e-02
 -9.40018985e-03  4.36240509e-02 -1.96823943e-02  2.58501619e-02
 -6.67073429e-02 -1.97958313e-02 -2.38405317e-02 -1.26007339e-02
  4.97243777e-02 -3.46965306e-02  3.00817378e-02 -1.43730105e-03
 -6.11689501e-03 -2.35984866e-02  4.34889831e-03  8.88953283e-02
  1.71068851e-02 -4.61477078e-02 -7.25030005e-02  2.81964391e-02
  3.87240131e-03 -1.72882564e-02 -4.84756194e-02 -2.34735664e-02
 -3.80547270e-02  8.39465857e-02  6.16399497e-02 -1.98071413e-02
  2.27517039e-02 -4.10884991e-02 -1.41976529e-03  3.37008126e-02
 -9.30044279e-02  5.63950161e-04  5.27721047e-02 -6.37933952e-33
  7.22889043e-03 -1.28657799e-02  1.06862914e-02 -9.70693976e-02
  2.61685103e-02 -2.08382942e-02  6.09038118e-03  2.53243241e-02
  1.95683446e-02  5.98012283e-02 -5.64551679e-03 -6.92778267e-03
 -2.88007073e-02 -2.59238593e-02 -1.90410875e-02  9.32002999e-03
  4.04036939e-02 -1.99780259e-02  1.77635103e-02  7.82892555e-02
  3.59683260e-02 -2.50424771e-03  1.08345831e-02 -7.59695396e-02
  2.50923503e-02 -1.63395447e-03 -2.12801658e-02  4.99306954e-02
 -3.87426913e-02  4.90914471e-03  9.04672965e-03  1.09025557e-02
 -5.22491597e-02 -1.01308919e-01  4.12881672e-02 -4.83481027e-03
 -4.78307903e-02  9.90235899e-03  1.21091818e-02  5.19603342e-02
 -3.67424116e-02 -6.62939809e-03 -5.73175102e-02 -1.39266625e-02
  2.27952078e-02  3.58585181e-04  2.02603023e-02 -2.92138616e-03
  5.06519414e-02 -1.71115287e-02 -3.67268845e-02  1.05517320e-02
 -2.95082834e-02 -2.12248471e-02 -6.29302040e-02  1.73453223e-02
  1.29834516e-02 -4.33740392e-02  1.31517779e-02 -2.18346231e-02
  1.34765981e-02 -3.35713290e-03 -1.69173460e-02  4.62076329e-02
 -2.40172371e-02 -7.25676119e-03 -8.99333805e-02 -9.28288733e-04
 -1.40678771e-02 -5.52028716e-02  1.04657710e-02 -6.85379505e-02
 -8.11234787e-02 -4.34211828e-02  4.00413247e-03 -9.86749455e-02
 -3.76477018e-02 -2.28870381e-03  1.77882053e-02  2.60582492e-02
  2.72457115e-02 -3.74458171e-02 -2.46362062e-03  2.91213784e-02
  6.81252033e-02 -8.55520070e-02  1.56555139e-03 -6.23390824e-03
 -1.16534717e-02  1.52671719e-02  2.69040791e-03  4.72509153e-02
  7.41827243e-05  6.85344357e-03  1.71164256e-02  6.10801019e-02
 -7.33866319e-02 -2.49673855e-02 -1.74565557e-02 -3.10035497e-02
 -8.43034312e-03 -3.18642333e-02 -3.45202200e-02 -4.03836966e-02
 -2.46628448e-02  1.96381249e-02 -8.55597295e-03  6.28607348e-02
  4.50513810e-02  1.81599762e-02  4.36455458e-02  1.18039185e-02
  7.95211084e-03 -2.23258361e-02 -3.10961101e-02  7.44529143e-02
 -1.93185732e-02  3.86122498e-03 -5.56708593e-03 -2.27916185e-02
  3.75313195e-03  2.31796093e-02 -2.21497063e-02 -5.44558503e-02
  1.17497295e-02  4.92481887e-03 -7.78490095e-04 -1.22484856e-03
 -4.55267541e-02 -1.13385990e-02 -3.15103903e-02  6.52739359e-03
  3.23174277e-07  4.63291118e-03  2.85089090e-02  9.76874679e-03
  6.03192113e-02 -1.00584589e-02 -3.91796529e-02 -5.58796804e-03
  1.82540193e-02 -3.05970088e-02  3.81069109e-02 -1.40177384e-02
 -1.08653111e-02 -2.95883566e-02 -1.43577494e-02 -5.40320296e-03
 -5.42199086e-06 -2.46595149e-03  3.15979533e-02  1.78107508e-02
  5.24213091e-02  3.65570411e-02  4.67835478e-02 -2.15297146e-03
 -1.02553712e-02 -2.83889618e-04  6.85598375e-03  2.52227858e-02
  6.34431243e-02  4.59176898e-02  4.29611430e-02  4.28977348e-02
 -7.82092437e-02 -2.60400064e-02  3.04866489e-02  4.18958142e-02
  2.15819813e-02 -3.43258381e-02 -6.41186256e-03  4.91142794e-02
  8.82857200e-03  8.63330066e-03 -2.90642045e-02  4.05107215e-02
 -4.90394570e-02  5.97884459e-03  1.11962877e-01  5.11913747e-03
 -1.80496685e-02  5.47951609e-02 -5.18451221e-02  1.57076288e-02
 -2.28493754e-03  5.82915470e-02  2.74550784e-02 -1.03163263e-02
 -1.06068719e-02  1.47111397e-02 -2.03399081e-02 -2.67025884e-02
 -4.94057424e-02 -7.43148988e-03 -5.00024157e-03  5.52527644e-02
  2.49112137e-02 -2.78665535e-02  6.04790486e-02  1.43520106e-02
  2.82804518e-34 -3.59341875e-02 -1.84111577e-02  1.50444359e-02
 -1.34223653e-02  5.72248660e-02  1.79787123e-04 -1.49204524e-03
 -1.44535268e-03  5.77737652e-02 -1.33088175e-02 -1.60725582e-02]"
"The fall of Beijing in 1215 marked the loss of all the territory north of the Huang He (Yellow River) to the Mongols; during the following years the Jin empire was reduced to the role of a buffer state between the Mongols in the north and the Chinese Song empire in the south. Other campaigns were launched against central Asia. In 1218 the Khara-Khitai state in east Turkistan was absorbed into the empire. The assassination of Muslim subjects of Genghis Khan by the Khwārezmians in Otrar led to a war with the sultanate of Khwārezm (Khiva) in west Turkistan (1219–25). Bukhara, Samarkand, and the capital Urgench were taken and",629,109,157.25,"[ 6.01186883e-03 -9.20729805e-03 -1.33683942e-02 -1.79765075e-02
 -1.81168132e-02 -2.87702996e-02 -8.08707066e-03 -2.99680680e-02
 -4.86364495e-03  1.44799100e-02 -3.03107109e-02 -4.17426713e-02
  8.51043686e-02 -4.93960977e-02  4.01685573e-03 -3.53437401e-02
  1.04022501e-02  1.92111414e-02 -4.54368349e-03  1.17035140e-03
  1.82690024e-02  4.60375287e-03 -3.05853542e-02  3.02236304e-02
  1.01594497e-02  2.42552236e-02 -6.00465126e-02 -5.59335910e-02
 -5.16526215e-02 -3.30259800e-02  8.28396901e-02 -2.47173030e-02
  1.60158379e-03 -3.61973606e-02  2.21858909e-06  2.11030105e-03
 -4.57707793e-02 -2.52845138e-02  1.29456744e-02  3.73967588e-02
 -8.90908577e-03  6.35948777e-02 -2.74831243e-02 -5.89918206e-03
  5.18931337e-02 -7.30224606e-03  2.82669514e-02  1.84017509e-01
  5.24448231e-02  1.33773712e-02  8.48789327e-03  5.32913196e-04
 -9.43088066e-03  2.74169967e-02 -4.29011770e-02 -5.16812056e-02
  2.49936990e-02  3.84290665e-02 -2.89206859e-02  2.00309157e-02
 -1.63628347e-02  1.73331071e-02 -7.39918426e-02 -2.82401629e-02
 -8.44953954e-02 -1.61885452e-02 -3.59109044e-02  8.62807557e-02
  5.30608334e-02 -2.62182299e-02  4.97300439e-02 -2.76903007e-02
  4.20272313e-02  8.33370537e-02  5.49056940e-03 -2.20889058e-02
 -1.51413837e-02 -1.38376346e-02  1.22193657e-02  1.13108931e-02
  1.54645657e-02  1.33729530e-02 -1.61259697e-04 -1.10498713e-02
  2.40036566e-02 -2.53943391e-02  2.37621535e-02 -7.73139521e-02
 -8.37351382e-02  2.35809907e-02 -1.72057915e-02  7.87177309e-03
 -2.50633061e-02  4.32558544e-02 -6.46289736e-02 -2.49826927e-02
 -1.63591094e-03  2.25436967e-03 -1.77531224e-02 -1.00482367e-02
 -1.12198433e-02 -6.24023844e-04 -2.70626917e-02  1.09608076e-03
 -3.86413559e-02  4.47234921e-02  2.83658244e-02 -5.20170927e-02
 -7.45330052e-03  1.89013761e-02 -4.39910032e-02 -4.65215258e-02
 -1.02786766e-02 -3.99769843e-03  3.90871093e-02  2.44426876e-02
  3.25692743e-02 -1.03602903e-02 -1.86219197e-02  2.96467617e-02
 -6.72975332e-02  1.10279322e-02 -4.26864112e-03  3.93594690e-02
 -7.03225434e-02 -1.02442382e-02  1.05895763e-02 -2.47135181e-02
 -3.38437296e-02  4.55553420e-02 -3.34490985e-02  2.65734065e-02
 -4.17263526e-03  1.59528647e-02 -2.00885516e-02 -4.27052239e-03
 -1.43238511e-02  1.59338042e-02  1.40038384e-02  4.62110788e-02
  1.98435411e-02  6.32731467e-02  4.18077596e-03 -1.89783832e-03
  2.77884118e-03  8.28527380e-03 -4.57296073e-02 -2.23002210e-02
  1.76863056e-02 -1.13480994e-02  1.36173368e-02 -2.46548094e-02
 -2.60488298e-02  1.04575036e-02  1.20671112e-02  1.31153304e-03
 -3.58408876e-02 -5.91000589e-03 -5.51013323e-03  3.24860997e-02
  6.93061799e-02  4.74878885e-02  7.49085099e-02 -4.20714766e-02
  2.64146961e-02 -3.14214751e-02 -1.68544929e-02 -1.41043793e-02
  6.50968701e-02 -1.10456040e-02  6.09788159e-03 -4.18322757e-02
  2.70745195e-02  2.16836892e-02  5.96325845e-02  1.36897452e-02
  5.05859293e-02 -3.91921960e-03 -7.34548941e-02  3.04948464e-02
 -5.35040684e-02  6.30944688e-03 -1.01482635e-02 -3.96492109e-02
 -1.50215533e-02  2.94831656e-02 -1.47926845e-02 -1.44722301e-03
  5.07457415e-03 -5.83390472e-03 -2.71105282e-02 -1.22533562e-02
  2.66860779e-02 -2.85964576e-03  4.26557288e-02  4.98066517e-03
  2.57939324e-02  2.70154867e-02 -6.99252775e-03  1.98279396e-02
  5.18043749e-02  2.87411851e-03  1.02428850e-02 -1.05214184e-02
  3.45737524e-02 -4.20119800e-02  3.29987630e-02 -1.82866193e-02
 -2.51168758e-02 -5.01768403e-02  2.20610388e-02  3.68702738e-03
  2.14976128e-02 -3.83514464e-02 -1.74891222e-02  1.56700648e-02
  2.89022382e-02 -4.99721579e-02 -5.01692817e-02  1.62323117e-02
  3.47101537e-04 -1.81873869e-02  3.83023918e-02  3.26585248e-02
 -1.44694038e-02  1.04849990e-02 -2.53505297e-02  2.04787832e-02
 -1.19569013e-02 -1.91196539e-02  1.19009111e-02  2.39768233e-02
 -2.47540809e-02  3.95084880e-02 -6.63749576e-02  2.74024084e-02
  4.92504239e-02 -1.01243779e-01 -1.38492668e-02  4.37955782e-02
  3.41332071e-02 -5.93991205e-02 -1.88403688e-02 -2.77690925e-02
  1.20587245e-01 -3.83223332e-02 -1.68717094e-02 -3.29627991e-02
  2.56154593e-02 -9.26489942e-03  2.39932165e-03 -7.10926950e-03
  3.34172249e-02  2.87266001e-02  1.47428187e-02 -3.41522992e-02
 -3.89931425e-02 -6.78042993e-02 -8.56186170e-03  8.64471123e-03
 -1.77974049e-02  1.68885216e-02 -2.54922230e-02  1.34663014e-02
 -3.46702263e-02  3.80796492e-02  6.44293502e-02 -1.28863389e-02
  1.25320125e-02 -5.34183113e-03 -3.11274901e-02 -4.50365096e-02
  1.47135900e-02  2.32164599e-02 -8.63378868e-03 -4.05888353e-03
 -8.00104961e-02 -1.92000903e-02 -5.46793593e-03  1.96911711e-02
 -2.81502362e-02  4.94433604e-02  9.29688383e-03  1.31445499e-02
  3.79092135e-02  1.06875012e-02 -2.05900352e-02 -4.01063152e-02
  5.10633588e-02 -7.32083842e-02  2.22130157e-02 -1.16182137e-02
 -1.71937197e-02 -3.08601167e-02 -2.96309367e-02  1.66062210e-02
 -6.53948709e-02  7.47232651e-03 -3.31148063e-03  5.56645207e-02
  1.97568145e-02 -4.30940352e-02  1.81045048e-02  1.55010903e-02
 -5.93312941e-02  4.76791430e-03  2.05875710e-02 -4.17151749e-02
 -6.14248589e-02  2.91663948e-02  5.78218699e-02  2.36880761e-02
 -2.29830202e-02 -1.42966613e-01 -6.34015072e-03  7.12652504e-02
 -4.41573188e-02  1.47697600e-02  1.81301571e-02  5.74407838e-02
 -5.87919652e-02  4.57749665e-02 -2.88875625e-02  4.87851836e-02
  2.97647081e-02  1.69919506e-02  2.52682213e-02 -4.30741645e-02
  2.34662425e-02  3.54215363e-03 -1.25965290e-02 -4.65315543e-02
 -3.55498563e-03  1.89500672e-04  7.36805378e-03 -3.57264578e-02
  1.76598877e-02 -6.95542544e-02 -1.22324815e-02 -3.46401222e-02
 -5.02428133e-03  8.39626342e-02  8.71182792e-03  8.78588855e-02
  9.30222962e-03 -5.78823019e-05  6.28911192e-03  3.27826105e-02
  7.87605792e-02  6.79776147e-02 -4.29527722e-02 -3.69648859e-02
 -4.64799888e-02  5.15798628e-02 -1.14073912e-02  9.46966633e-02
 -1.82433589e-03  4.64990586e-02 -2.62984820e-02  7.41155865e-03
  8.82719383e-02  3.94369699e-02 -2.30794270e-02 -1.69484485e-02
  6.67343810e-02  1.14605287e-02  1.59581080e-02 -4.17852253e-02
 -7.25389784e-03 -3.69659960e-02 -2.92441361e-02 -3.36628929e-02
  1.04092173e-02  4.81401570e-03 -6.03514723e-03  1.00285850e-01
  9.78670176e-03 -3.74665484e-03 -6.39310405e-02  8.63499753e-03
 -4.43831235e-02 -5.24992198e-02 -1.53986001e-02  2.48161219e-02
 -1.83693133e-02  2.66215578e-03  9.92997736e-03  7.48295933e-02
 -4.87409309e-02 -5.53352274e-02  3.39851677e-02  6.35717623e-03
 -3.25706527e-02 -5.26743121e-02  4.78168204e-02  4.06731153e-03
 -1.01872347e-02  1.81511082e-02 -1.18577899e-02  2.27506254e-02
 -1.67121235e-02 -5.51623069e-02 -6.65702894e-02  2.52128812e-03
  9.48647445e-04 -9.86995175e-04  1.23940231e-02  5.95789775e-03
  1.26589471e-02  4.21727300e-02  1.09951152e-02  5.57507109e-03
  1.15108024e-02  2.25077625e-02  1.72627550e-02  4.46876548e-02
  2.71442812e-02 -2.26347148e-03 -1.33532146e-02 -5.47393458e-03
 -1.79081168e-02  4.62518968e-02 -3.52393612e-02 -1.53387431e-02
 -1.50414221e-02 -2.18197946e-02  1.71023775e-02  2.90535372e-02
  3.61004621e-02 -7.39292987e-03 -5.92342317e-02 -2.24211030e-02
  6.85741892e-03 -2.47769486e-02 -2.52451729e-02  4.52538067e-03
 -8.80190113e-04  1.69568695e-02  2.56227870e-02 -4.32950072e-02
  1.40285334e-02 -1.21891266e-02 -1.46360621e-02  2.91554797e-02
  9.23639536e-02  2.39216108e-02 -4.49880306e-03 -2.45573781e-02
  4.91291611e-03 -1.11464113e-02 -7.28292577e-03 -2.07046140e-02
  3.12005617e-02  8.36329628e-03 -8.32415074e-02  1.88474488e-02
  9.47591662e-02 -5.70240878e-02 -2.28718083e-04  1.14452662e-02
 -3.65001261e-02 -9.31598246e-03 -3.40918865e-04 -1.32624237e-02
  4.13059555e-02  1.71796270e-02 -5.17498478e-02 -3.70780416e-02
  1.01721166e-02  9.32248775e-03 -3.26208062e-02 -2.48807836e-02
 -6.51893113e-03 -3.94199565e-02  1.81488451e-02  7.52521912e-03
 -3.56156975e-02 -2.75505465e-02  6.77575842e-02 -4.02383730e-02
 -3.94895524e-02  4.74236943e-02  5.47125377e-02  9.18108504e-03
  2.62831915e-02 -4.13520858e-02 -2.81743277e-02 -5.02497442e-02
 -1.82004478e-02 -3.28294933e-02 -1.33985514e-02  3.24144885e-02
 -2.15563830e-02  1.12578797e-03  2.06419043e-02 -4.88220975e-02
 -4.67516258e-02 -9.01684612e-02  3.36943716e-02  1.62265524e-01
 -1.80910919e-02  2.43944302e-02  1.60864089e-02  2.17877738e-02
 -1.22925024e-02 -2.48429570e-02  3.91147146e-03 -4.38670106e-02
  9.45665594e-03  9.89237521e-03  6.84031248e-02  2.06306893e-02
  8.38556734e-04  1.16087813e-02  1.53540866e-02 -2.37634666e-02
  2.54732259e-02 -3.36877033e-02 -2.72090007e-02 -2.57964265e-02
 -7.35470746e-03  2.40164306e-02 -7.88452942e-03  1.07199838e-02
 -5.09094596e-02 -2.34396569e-02 -1.91991013e-02 -2.18686610e-02
  4.66431454e-02 -4.36049001e-03 -2.85570393e-03  2.10144930e-02
  3.01190857e-02 -2.44356263e-02  2.91540287e-02 -9.21679847e-03
  5.11231422e-02  1.17126945e-02 -2.75127869e-02 -1.78016834e-02
  2.36599147e-02 -4.07559015e-02  3.48246098e-03 -2.58583110e-02
 -3.11701205e-02  3.04744355e-02  3.56235728e-02 -4.08077501e-02
  5.22270501e-02  4.46432568e-02  5.96449757e-03  1.85378063e-02
 -3.96304168e-02 -1.48261776e-02  1.91732775e-02 -6.47576899e-33
 -9.01634246e-03 -2.23866124e-02 -1.31014409e-02 -9.28871259e-02
  1.27944546e-02 -1.33270416e-02  4.00825171e-03  1.90825015e-02
  5.62383793e-03  3.63300107e-02 -4.50647995e-03 -1.82549302e-02
 -8.75010155e-03 -3.99245368e-03 -1.38203287e-02 -7.93533027e-03
  2.81814095e-02 -6.05495460e-03  2.11974904e-02  5.67044802e-02
  4.14133966e-02 -7.36053381e-03  3.77579331e-02 -2.02078819e-02
 -7.12120021e-03  1.78958327e-02 -1.72935072e-02  5.66875041e-02
  1.26089565e-02 -1.03944913e-02 -1.34243974e-02  4.00521681e-02
 -4.90181670e-02 -3.48233245e-02  3.24974693e-02 -4.31519747e-02
 -6.81222379e-02 -9.81245656e-03  3.83351818e-02  1.80241205e-02
 -2.52927244e-02 -1.20382532e-02 -2.38041878e-02 -2.35380773e-02
  1.81337539e-02  3.22084837e-02  1.08758034e-02 -2.69120168e-02
 -2.31018532e-02 -1.11144716e-02  8.59139487e-04 -5.76832704e-03
 -4.86148521e-02 -4.65964302e-02 -6.32342771e-02  6.11744181e-04
  4.03855741e-02 -3.34769525e-02 -2.44538840e-02 -3.74866612e-02
  1.32413404e-02  2.87086535e-02 -2.41422988e-02  2.16848385e-02
  2.13345643e-02  6.60115294e-03 -1.00644983e-01  1.03000738e-02
  1.07589802e-02  1.64304748e-02  3.13685313e-02 -2.04113331e-02
 -8.97102654e-02 -5.66667728e-02 -2.13211328e-02 -1.04501911e-01
 -1.56577770e-02  1.29021769e-02 -3.99148278e-02  5.52802384e-02
  3.85351741e-04 -1.40408678e-02  2.11314647e-03 -3.09388172e-02
  8.47439542e-02 -5.82690872e-02 -2.17917394e-02  4.92284894e-02
 -1.02259759e-02 -1.70135386e-02  1.53410817e-02  4.90461811e-02
 -4.47002612e-02  3.64618637e-02  1.90405548e-02  7.06968904e-02
 -4.32130545e-02  1.82855818e-02  6.98889280e-03 -9.64335818e-03
  4.13666181e-02 -2.71325819e-02 -1.97829846e-02 -1.78921446e-02
 -9.46353655e-03  2.42497083e-02 -4.38166000e-02  4.57012393e-02
  3.48251909e-02  6.99683931e-03  2.69576907e-03 -6.58139680e-03
  8.91476218e-03 -5.68327960e-03 -3.06328535e-02  5.28438166e-02
 -2.41313819e-02 -3.31164412e-02  2.91849263e-02  2.26839837e-02
  5.40602626e-03 -6.48683533e-02 -1.01079773e-02 -3.09306830e-02
  6.09111078e-02  3.50030535e-03 -1.09974630e-02  1.36034063e-03
 -7.26438761e-02 -1.79423857e-02 -2.01379638e-02 -1.15507906e-02
  3.12558882e-07  7.66139943e-03 -3.25843282e-02  1.41470805e-02
  6.99341744e-02 -1.58223789e-02 -1.74038426e-03 -4.18587774e-02
  3.11255231e-02 -3.69140971e-03  4.81429845e-02  1.71334520e-02
 -3.54387285e-03 -5.70298452e-03 -3.83333378e-02 -1.29534593e-02
  3.98057438e-02  6.75393688e-03  5.01863621e-02  3.71003151e-03
 -2.13346686e-02  7.29145408e-02  2.39388607e-02  2.33507063e-03
 -1.77121162e-02 -1.42889945e-02  4.45320830e-02  1.25800883e-02
  3.67772728e-02 -1.68699101e-02  5.57078123e-02  6.03753030e-02
 -3.79960239e-02 -6.00501224e-02  2.56764852e-02  2.29535382e-02
  9.66508407e-03  6.85241958e-03 -2.77838279e-02  2.50282232e-02
 -4.14878242e-02 -1.54749444e-02 -5.48762791e-02  4.27642614e-02
  1.82048755e-03  2.77692974e-02  1.07882231e-01 -3.57064977e-03
 -4.68113124e-02 -1.74945081e-03 -3.26042995e-02  3.81727293e-02
  3.68231311e-02  4.26219925e-02  1.54397488e-02 -2.97513567e-02
  3.67446407e-03 -2.52372064e-02 -5.65834157e-02 -4.45109606e-02
 -9.39346384e-03 -1.45579744e-02  2.61436794e-02  3.85130160e-02
  7.17648864e-02  5.75315533e-03  4.92040068e-02 -2.00465554e-03
  3.09706142e-34  6.21040119e-03 -1.46773988e-02  9.26816463e-03
  4.69823442e-02  5.37602901e-02  8.36271793e-03 -5.48051903e-03
  1.25191007e-02  5.20836934e-02  1.79522112e-02 -3.49920727e-02]"
"sacked by Mongol armies (1220–21). Advance troops (after crossing the Caucasus) even penetrated into southern Russia and raided cities in Crimea (1223). The once prosperous region of Khwārezm suffered for centuries from the effects of the Mongol invasion which brought about not only the destruction of the prosperous towns but also the disintegration of the irrigation system on which agriculture in those parts depended. A similarly destructive campaign was launched against Xi Xia in 1226–27 because the Xi Xia king had refused to assist the Mongols in their expedition against Khwārezm. The death of Genghis Khan during that campaign (1227) increased the vindictiveness of the Mongols. The Xi Xia culture, a mixture of Chinese and Tibetan elements, with Buddhism as the state religion, was virtually annihilated. In 1227 the Mongol dominions stretched over the vast regions between the Caspian and China seas, bordering in the north on the sparsely populated forest belt of Siberia and in the south on the Pamirs, Tibet, and the central plains of China. This empire contained a multitude of different peoples, religions, and civilizations, and it is only natural to seek the motivating force behind this unparalleled expansion.",1231,193,307.75,"[ 2.04692334e-02 -3.31668518e-02  3.76380282e-03 -1.91092268e-02
  2.83492543e-02 -2.34236289e-02  2.30480991e-02 -1.92338452e-02
  3.77925560e-02  2.50960607e-02 -3.43255466e-03 -5.79969399e-03
  4.15927656e-02 -3.90537977e-02  1.99812427e-02  1.83733087e-02
  1.45807285e-02 -3.68952216e-03 -4.13674563e-02  1.85456425e-02
  2.58462597e-03  2.34523062e-02  7.57631380e-03  5.53872553e-04
  5.60670625e-03  1.73402932e-02 -7.21670035e-03 -4.26613577e-02
 -2.95053646e-02 -2.14284454e-02  2.72912513e-02 -3.79466750e-02
 -1.50939561e-02 -2.45219916e-02  2.66118286e-06  1.75479669e-02
 -6.03911355e-02 -1.12841548e-02  2.72381101e-02  4.40746583e-02
  8.63748044e-03  3.17529924e-02 -1.79259237e-02 -1.83879919e-02
  2.14641951e-02  1.34075545e-02 -3.13033499e-02  1.67831481e-01
  2.35410500e-02  3.00223492e-02  6.98121823e-03 -3.84657979e-02
  1.36033865e-02 -9.14665172e-04 -5.79027049e-02 -5.29331341e-02
  3.55440006e-02  3.20782140e-02  1.04032652e-02  3.81112210e-02
 -3.28403302e-02  2.98336986e-02 -1.96885616e-02 -3.25047001e-02
 -6.70293197e-02 -2.92362068e-02  5.21834753e-03  8.83068666e-02
  6.21050037e-02 -4.25519943e-02 -4.51462083e-02  4.37592044e-02
  5.90553470e-02  1.07509485e-02  1.62578616e-02 -3.36053371e-02
  8.71981587e-03  8.63785855e-04  7.13365432e-03  1.12203406e-02
 -3.12513523e-02 -4.18239571e-02 -5.04013058e-03 -2.09936630e-02
 -2.44217180e-02  4.48882766e-02  2.75230017e-02 -3.26379575e-02
 -8.77561569e-02  1.15091326e-02 -4.05556671e-02  4.22773417e-03
 -2.68997811e-02  3.75884324e-02 -1.22669943e-01  8.38808157e-03
  2.08050688e-03  4.41854820e-02  1.85032599e-02  6.06341287e-02
 -4.64784615e-02  2.31637992e-02 -1.95196867e-02 -4.19049747e-02
 -3.83679941e-02  5.32347076e-02  1.99673567e-02 -3.33037116e-02
 -6.25587907e-03  1.92970480e-03 -2.14375034e-02 -1.72827151e-02
 -1.44096427e-02 -3.70104313e-02  6.03171661e-02  3.53055969e-02
 -1.30733857e-02 -1.18023495e-03  7.76779465e-03  2.28962675e-02
 -3.03003527e-02  2.67726406e-02  5.74533641e-03 -1.09556075e-02
 -3.65624689e-02  3.00750462e-03 -4.64791916e-02 -1.33509766e-02
 -2.87975203e-02 -5.03493764e-04  4.05454513e-04  3.37714329e-02
 -4.43463214e-03  2.71970015e-02 -2.56550335e-03  1.72115434e-02
 -4.68217349e-03 -6.25310605e-03  3.34489089e-03 -2.83928006e-03
 -6.71609771e-04  5.73446825e-02 -2.90549509e-02 -2.55731978e-02
 -9.14161094e-03  1.86297912e-02 -3.40006500e-02  1.65044721e-02
  3.08681987e-02  9.87675320e-03 -3.39908749e-02 -7.40211159e-02
  9.73584363e-04  9.73325316e-03  2.98823253e-03 -5.13296435e-03
 -1.03432639e-03 -1.44211939e-02  6.98393350e-03 -7.62346754e-05
  7.10815042e-02  6.88565522e-02  3.50617953e-02 -2.43573030e-03
  2.20990572e-02 -2.77305301e-02  9.69727244e-03 -2.97459378e-03
  4.48124297e-02  2.58877669e-02  6.91406615e-03 -1.75580736e-02
 -8.25399533e-04  1.43164219e-02  1.86488349e-02  2.42893435e-02
  2.13035382e-02  7.05720186e-02 -1.00817658e-01  5.65946251e-02
 -3.43976915e-02  1.27160242e-02 -2.26146411e-02 -5.38377352e-02
  2.04838850e-02  3.04682609e-02  2.77509764e-02  8.12753197e-03
  1.82681810e-02 -9.59235430e-03 -1.31516382e-02  4.51631052e-03
  5.56141958e-02 -9.97667201e-04  5.22243679e-02  1.17799696e-02
  1.30145960e-02  6.08023070e-03 -5.86828357e-03 -7.37897027e-03
  5.71683720e-02  8.75583291e-03  6.73132166e-02 -4.20576986e-03
  9.08950809e-03 -8.28262568e-02  8.27483740e-03  1.59823615e-02
  1.81050855e-03 -2.72793472e-02 -5.18933423e-02  1.59701277e-02
 -1.52333090e-02 -3.95007133e-02 -1.07440334e-02  4.68063075e-03
 -3.74635793e-02 -3.08504608e-02 -9.85236932e-03  1.45526994e-02
  1.20362705e-02 -5.33201545e-03  1.71369314e-02  3.00816447e-02
 -1.53797306e-02 -4.69755307e-02 -2.41111591e-02 -1.10983867e-02
 -3.21602523e-02  5.77026932e-03 -1.21050631e-03  2.03968361e-02
 -3.19395997e-02  1.54071078e-02 -8.37687179e-02  7.91299343e-02
  5.16693406e-02 -8.15798044e-02 -1.07021620e-02  3.34134325e-02
 -4.05681087e-03 -5.31827956e-02 -2.61538848e-02 -3.37205594e-03
  1.09909199e-01 -4.88992669e-02 -1.52848158e-02 -2.39491779e-02
 -6.36632461e-03  1.70430467e-02 -8.86486552e-04 -1.82803720e-03
  1.17154969e-02  2.89973244e-02  1.77007262e-02  1.77828129e-02
 -3.70143875e-02 -3.34005337e-04 -7.11614918e-03 -1.47653334e-02
 -4.29830924e-02 -1.49082150e-02 -2.50862334e-02 -2.50108377e-03
  1.43843107e-02 -1.67117752e-02  6.49113357e-02  3.84624004e-02
  5.73771670e-02 -5.39498636e-03 -1.26931034e-02 -8.24320167e-02
  4.00563097e-03  1.20400125e-02 -1.76584087e-02 -6.00184165e-02
 -9.30847879e-03  4.12981249e-02 -3.51136085e-03  3.35621787e-03
 -1.48074348e-02  3.18333693e-02  2.80690147e-03  4.56737401e-03
  2.76026484e-02  2.80214753e-02  3.69488820e-03  4.52833325e-02
  1.66861750e-02 -7.25005120e-02  1.64580233e-02 -7.83743896e-03
 -3.36783156e-02 -6.99711740e-02 -1.08620655e-02  1.26152916e-03
 -1.04076833e-01  6.21135067e-03 -2.39615403e-02 -2.13163402e-02
  3.18703838e-02 -3.33628207e-02  5.60667291e-02 -2.15501506e-02
 -6.41783401e-02 -1.26570966e-02  1.57449357e-02 -3.23171280e-02
 -3.42636220e-02  4.71850596e-02  3.84513661e-02 -5.87543054e-03
 -2.92880889e-02 -1.21531367e-01 -3.59438621e-02  6.44351169e-02
 -5.21416077e-03  2.01330353e-02  5.27708046e-02  2.63218898e-02
 -4.19210307e-02  5.34702390e-02 -3.86218317e-02  4.89726104e-02
  1.73632451e-03 -2.21977197e-02  1.98159534e-02 -5.90151586e-02
 -1.23485764e-02  1.87164266e-02 -3.74548398e-02  1.72711574e-02
  1.13361264e-02 -7.19520124e-03 -1.81283932e-02 -4.30485159e-02
  1.54279405e-02 -5.72932288e-02  2.51471885e-02 -2.68910732e-02
  9.06488765e-03  8.88638571e-02  2.27194559e-02  3.86156626e-02
  5.12380414e-02  3.14150527e-02  3.99257019e-02  1.14311269e-02
  6.09493516e-02  4.45765182e-02 -4.57435139e-02 -5.85102774e-02
 -3.74750905e-02  4.25500832e-02 -7.38832727e-03  6.95485249e-02
  3.40211787e-03  4.61028665e-02 -3.86497490e-02  1.55723970e-02
  4.84250709e-02  5.56984805e-02  3.78426053e-02 -3.69607024e-02
  7.69300833e-02 -3.17791551e-02  9.70281311e-04 -4.13217880e-02
 -8.74097273e-03 -3.21824104e-02 -2.24104002e-02 -4.89652343e-02
  5.83902188e-02 -8.51361640e-03 -4.41603130e-03  1.04347549e-01
  2.76581664e-02 -4.12490359e-03 -7.48791248e-02 -1.15032017e-03
  7.18791503e-04 -2.82913819e-02  1.81974005e-02 -1.76353324e-02
 -8.94071627e-03 -2.44129896e-02  6.16962090e-03  8.44738632e-02
 -5.76196536e-02 -6.72660619e-02  5.44656487e-03  2.00015754e-02
 -3.18013504e-02 -1.81846861e-02  5.39227575e-02 -1.66111235e-02
 -1.85625572e-02 -6.09234860e-03 -1.23985736e-02  2.26505045e-02
 -1.47728650e-02 -1.11763045e-01  4.80958354e-03 -9.44580461e-05
 -5.80427907e-02 -4.84279878e-02  5.79033867e-02  7.38607394e-03
 -1.00380173e-02 -2.82456856e-02 -2.54658796e-02  4.97280853e-03
  2.61233896e-02  2.13325974e-02  1.77019124e-03  3.78526710e-02
 -1.36494366e-02  1.17447423e-02 -4.78326604e-02  7.45585049e-03
 -1.04635051e-02  1.94714461e-02 -5.37868254e-02  1.48486765e-02
 -3.96771468e-02  1.41524756e-02  1.18495189e-02  1.71696227e-02
  4.69429195e-02 -3.85069177e-02 -3.49638462e-02  2.75433846e-02
 -2.53367778e-02 -6.47976175e-02 -1.38410479e-02 -3.85287218e-02
  2.11319467e-03  1.43734105e-02  4.04258333e-02 -5.63748665e-02
 -2.85070986e-02 -1.62670016e-02 -2.90644746e-02  4.51891460e-02
  5.68375513e-02  7.09163398e-03  4.49015107e-03 -4.55367565e-02
 -1.28695918e-02  2.33356822e-02  9.00205132e-03  2.92721819e-02
 -8.00570287e-03 -4.03591171e-02 -8.14270079e-02  2.32932586e-02
  4.11764421e-02 -1.46809882e-02 -6.05011359e-03 -2.17177887e-02
 -4.01789770e-02 -1.94883663e-02  1.21797966e-02  6.79929741e-03
  1.00076273e-02  1.33629814e-01 -3.30568478e-02 -6.19069207e-03
  4.51768525e-02  3.35485153e-02 -2.86257570e-03 -1.91040561e-02
  1.16837146e-02 -3.19611318e-02 -5.55554032e-03  1.75613388e-02
  2.15060562e-02 -4.74603251e-02  3.53579894e-02 -7.97186792e-02
 -7.55393282e-02  6.26351684e-03  4.41870019e-02 -2.44827252e-02
  1.25232646e-02 -5.34030236e-02 -5.58346286e-02 -2.14982815e-02
 -1.94764379e-02 -2.49013286e-02 -2.16452684e-02  4.47445922e-02
 -2.00761738e-03  4.13519703e-02 -3.60650499e-03 -5.91450371e-02
 -8.37649852e-02 -2.06423961e-02  3.10560148e-02  7.71259516e-02
 -3.44055630e-02  2.25206651e-02 -1.88680962e-02 -4.65093069e-02
 -3.44454683e-02 -4.15757895e-02  3.85527052e-02 -4.41089533e-02
 -1.66994836e-02  1.48892980e-02  7.24115893e-02 -9.17555764e-03
  3.85978445e-02 -9.65662766e-03  1.39221819e-02 -1.58561300e-02
 -4.73039672e-02 -4.01356854e-02  1.20772412e-02 -4.38792780e-02
 -5.84943267e-03  4.53286730e-02  1.04326885e-02  2.76955571e-02
 -4.55494747e-02 -1.41663002e-02 -1.35778617e-02  7.10745662e-05
  8.55138805e-03 -1.55887455e-02  2.81604435e-02  2.36784797e-02
  1.49658869e-03 -9.29105747e-03  1.92897506e-02  3.15795802e-02
  2.24238820e-02 -4.51235436e-02 -4.85821888e-02 -2.34473869e-02
  5.24361990e-02 -1.63771454e-02  1.52839406e-03  1.68107718e-03
 -4.95996289e-02  2.22921353e-02  2.83569954e-02 -6.62255706e-03
  4.61710393e-02  2.45003253e-02 -7.54652405e-03  3.10114622e-02
 -8.78163427e-02 -1.27984509e-02  3.56781594e-02 -7.04934705e-33
 -1.23628899e-02 -1.82435699e-02 -9.76257212e-03 -1.00714892e-01
  1.82108711e-02 -1.03434706e-02 -9.07452498e-03  2.25016270e-02
  2.34566554e-02  6.98100328e-02  2.92248977e-03 -2.26143692e-02
 -2.50042006e-02 -2.09861957e-02 -4.77231340e-03  1.23823415e-02
  4.46075015e-02  8.33060034e-03  4.25591581e-02  5.95345311e-02
  5.85376695e-02  2.64598578e-02  4.82129976e-02 -4.80557196e-02
  4.57733124e-02  2.67481850e-03 -2.00463086e-03 -3.86673585e-03
  1.24477437e-02 -1.61200818e-02 -3.80771756e-02  4.17153612e-02
 -4.78086062e-02 -5.51653355e-02  3.16712297e-02 -3.12660150e-02
 -2.75713131e-02  4.77839122e-03  5.42459749e-02  6.93049058e-02
 -2.37194393e-02 -1.81785866e-03 -1.91732757e-02 -3.22070196e-02
  4.11492102e-02  1.86929088e-02  4.70978320e-02 -4.27111238e-03
  3.94450873e-03 -5.64125553e-02 -1.40247634e-02  1.39478194e-02
 -1.10753532e-03 -3.01003288e-02 -8.02755877e-02 -1.39873556e-03
  9.17965826e-03 -1.61923338e-02  4.89490293e-03 -4.35126238e-02
  7.10178586e-03  2.65929196e-02 -1.85706150e-02  3.76280360e-02
  9.26148263e-04  4.44087991e-03 -1.00641288e-01  1.62856784e-02
  1.58379041e-03 -2.13032644e-02  3.77771221e-02 -2.87531037e-02
 -7.55937994e-02 -4.08241758e-03 -7.26006925e-04 -9.26165506e-02
 -1.94614567e-02  2.51202434e-02  1.24495728e-02  2.12496221e-02
  5.00919223e-02 -1.63544025e-02  3.56057584e-02 -1.76720079e-02
  1.02174334e-01 -4.13661376e-02 -1.82803627e-02  3.83227617e-02
 -2.95793172e-02 -2.61367741e-03  5.49140200e-03  5.17089441e-02
 -3.02838013e-02  3.23190652e-02  4.07756716e-02  2.26346031e-02
 -6.93592355e-02 -1.12766931e-02 -8.69407039e-03 -2.70556137e-02
  2.91412026e-02 -3.78325395e-02  3.27787100e-04 -4.77570482e-02
 -2.55995020e-02  9.13564675e-03  1.54266949e-03  4.15451787e-02
  5.76086491e-02  3.32005438e-03  1.63366105e-02  3.10094934e-02
  1.30911451e-02  2.52016000e-02  6.86648011e-04  6.92434534e-02
 -5.59898615e-02 -4.97690775e-02  1.83481183e-02 -3.67987738e-03
  1.54540716e-02  4.52586450e-03  4.89013549e-03 -3.30949649e-02
  1.58855766e-02 -1.02412822e-02 -1.34096108e-03 -2.15440374e-02
 -8.41145590e-02 -1.57735702e-02 -1.92379374e-02 -2.05993210e-03
  3.43529649e-07  1.37315085e-02 -2.31342600e-03 -1.41551821e-02
  4.81988564e-02  4.72838013e-03 -1.74665079e-02 -4.70443815e-03
  4.28427849e-03  1.72459497e-03  2.89738737e-02 -1.07344948e-02
 -1.92302968e-02  1.43223815e-02 -4.17039841e-02 -2.95180921e-02
 -9.68050212e-03  2.09556613e-02  2.13519558e-02 -1.02495425e-04
  3.25515606e-02  4.98529933e-02  5.22749089e-02 -2.11929362e-02
 -1.63853467e-02  8.64737295e-03  1.79959778e-02 -1.64888427e-02
  3.32253501e-02  2.67039668e-02  2.07518954e-02  7.41700605e-02
 -5.23007885e-02 -3.09311077e-02  3.84696126e-02  3.16835754e-02
 -2.60388106e-03 -3.47321369e-02 -2.09756717e-02  5.84683493e-02
 -7.76615888e-02  2.84473412e-02 -2.55621336e-02  4.74696718e-02
 -3.42547223e-02  1.78764854e-02  9.89496261e-02 -2.11609453e-02
  5.73530700e-03  2.57981569e-02 -5.78749068e-02  3.33396159e-02
  1.44979004e-02  2.33274065e-02  2.51969919e-02  2.86796130e-03
 -3.19758803e-02 -1.27263693e-02 -5.55726811e-02 -4.58304062e-02
 -2.51505040e-02 -8.91726185e-03 -1.54141076e-02  2.89183278e-02
  2.56559681e-02 -3.15503813e-02  7.70040005e-02  3.39799523e-02
  3.34566654e-34  2.73257792e-02 -7.22767832e-03 -1.13976351e-03
 -7.67026329e-03  3.32192741e-02  4.91141491e-02 -2.91367341e-02
  1.98145043e-02  4.24970835e-02 -4.01751138e-02 -1.59094539e-02]"
"Certainly the traditional antagonism between pastoral, nomadic steppe-dwellers and settled agricultural civilizations has to be taken into account. Raids by nomads from the steppe had always occurred from time to time wherever powerful nomadic tribes lived in the proximity of settled populations, but they had not usually taken on the dimensions of a bid for world hegemony or domination as in the case of Genghis Khan’s invasions.",432,67,108.0,"[ 3.17950659e-02 -1.53624534e-03 -1.06594982e-02 -1.22075910e-02
 -2.27266159e-02 -3.44485119e-02  5.95227554e-02 -2.14813296e-02
  6.49627820e-02  1.32371497e-04  4.78083305e-02 -4.68439516e-03
  9.40438267e-03  5.36634959e-03  6.52837604e-02  6.54936582e-03
  5.44201164e-03  3.43534537e-02 -1.60843076e-03  7.70673081e-02
 -3.03142928e-02  2.05695350e-02 -2.07369216e-02  8.86506308e-03
 -2.46266704e-02 -4.46826890e-02 -2.41703764e-02 -4.52147238e-02
 -1.84988137e-02 -4.61807884e-02  6.57664835e-02  7.65820220e-03
  5.65990014e-03 -8.36098846e-03  1.63466075e-06 -2.49612536e-02
 -3.10901888e-02 -1.80814962e-03  2.88655050e-02  1.29557736e-02
  3.12588550e-02  3.02608404e-02 -3.55383530e-02 -5.22628389e-02
  1.74403917e-02 -1.43767968e-02 -2.49359459e-02  4.66596335e-02
  3.37236784e-02  4.13586907e-02  2.06743535e-02 -2.96108667e-02
 -1.33908484e-02  1.40507715e-02 -6.07894026e-02  4.24953550e-02
  4.06496301e-02 -3.98507155e-02 -2.82239206e-02  1.37561811e-02
 -4.29431945e-02  1.40662631e-02  2.98215100e-03 -4.48594578e-02
 -2.64727436e-02 -2.39799004e-02 -3.25317271e-02  2.06799991e-02
  4.16541621e-02 -3.79954241e-02  9.53583233e-03  4.13234569e-02
  2.31546182e-02  3.00571881e-02 -4.17253822e-02 -2.39059124e-02
  4.14384454e-02 -1.26324845e-02 -1.10126659e-02 -2.79759001e-02
  3.32637094e-02  1.00509273e-02 -6.48506498e-03 -1.83366556e-02
 -1.30688557e-02  3.76512073e-02  4.15517986e-02 -1.82391424e-03
 -5.55974953e-02 -5.34447953e-02 -2.00636908e-02 -2.47439686e-02
 -7.32246274e-03  8.34520310e-02 -8.83531123e-02 -4.16143946e-02
  2.58060042e-02 -1.02093234e-03 -1.97756873e-03  3.08467858e-02
 -4.45319200e-03  5.69404056e-03 -3.35219316e-02 -2.33448744e-02
  2.53331065e-02  5.25518283e-02  6.44590780e-02 -5.44564687e-02
  5.70247695e-03  1.63152744e-03 -2.21949648e-02 -5.96814975e-03
 -1.26310708e-02 -5.66303767e-02  5.42405769e-02  1.93625446e-02
  2.84746625e-02  4.69377404e-03  1.96170360e-02  1.53531637e-02
 -4.89808545e-02  5.55960555e-03 -1.89281739e-02 -6.14182241e-02
 -1.71498153e-02  3.37507576e-02 -8.49002674e-02 -3.17175174e-03
 -1.62591022e-02 -8.11000541e-02 -3.22453305e-02  1.47997485e-02
 -2.10482609e-02  8.39300174e-03 -1.91713981e-02  4.91863675e-02
  2.23999210e-02  2.92433985e-02 -2.61274837e-02  2.80150138e-02
  4.07750905e-02  3.20795141e-02 -2.72237472e-02  2.27655973e-02
  3.98474298e-02  2.16510911e-02 -4.47245352e-02  4.14966643e-02
 -1.27767706e-02  2.24614143e-02 -2.42705382e-02 -1.01093454e-02
  8.55941027e-02  2.32868753e-02 -1.45907737e-02  5.16148545e-02
 -1.21103367e-02 -1.25914970e-02  2.93961875e-02  2.27227099e-02
  4.32344601e-02  8.03317204e-02  5.69375269e-02 -3.82863767e-02
 -1.85578559e-02 -1.95410475e-03  7.58331595e-03  3.30622979e-02
  4.83810417e-02 -3.83109764e-05  3.83575796e-03 -7.68819544e-03
 -3.04418374e-02  2.15229932e-02  2.36389469e-02  6.87166378e-02
  1.51538905e-02  4.90547940e-02 -2.15986781e-02  7.46026710e-02
 -4.06413563e-02  6.59577399e-02 -2.19080765e-02 -6.78319111e-02
 -2.65056230e-02  2.20301677e-03  1.96839701e-02  1.02279270e-02
  1.68651380e-02  3.63305472e-02 -3.52417887e-03  5.52471122e-03
  6.99981302e-02 -9.49175004e-03  5.78184053e-02  1.00876410e-02
  4.30484954e-03 -5.95418066e-02 -4.33974387e-03 -4.90008527e-03
  3.54669732e-03  4.73232009e-02  3.81793529e-02 -5.47419861e-02
  4.23863064e-03 -2.43163202e-02  4.39383201e-02  7.44011253e-03
 -2.13475209e-02 -4.08180170e-02 -4.54787072e-03 -2.05551158e-03
  2.90402547e-02 -6.81265146e-02  2.46753506e-02 -4.73450013e-02
 -2.11378075e-02 -3.43063064e-02 -5.99726550e-02  3.87772284e-02
  2.31144335e-02  3.49661373e-02 -1.01736961e-02 -1.89074297e-02
 -1.97454803e-02 -3.77297103e-02 -3.50474305e-02 -4.24694456e-03
  2.58723684e-02 -8.51004571e-03 -5.00917546e-02  4.35893908e-02
 -5.48307225e-02  6.15193369e-03 -1.11481710e-03  3.45667489e-02
  8.91320929e-02  3.72249298e-02 -2.71754595e-03 -4.48822752e-02
  2.28968612e-03 -4.13157195e-02 -1.13084083e-02  1.61741376e-02
  6.40121624e-02 -8.65572877e-03 -1.10319704e-02 -1.20850550e-02
 -3.63118984e-02 -7.01351650e-03  1.33068170e-02  4.85837925e-03
  1.91619080e-02  3.69053446e-02  1.42739937e-02  1.15246829e-02
 -2.00263336e-02  4.70670685e-02  7.14395717e-02  1.86042730e-02
 -1.41188065e-02  2.42381096e-02 -5.46924733e-02  1.23984665e-02
  4.94314265e-03 -1.37034841e-02  3.51554118e-02  3.73839997e-02
  5.58595583e-02 -6.16057124e-03 -5.35860695e-02 -4.98051047e-02
  1.83715057e-02  1.66191021e-03  1.21239722e-02  8.99949390e-03
  7.47903297e-03  1.17867561e-02 -1.91039927e-02  2.95311101e-02
 -4.10632901e-02  5.27537875e-02  3.32263857e-02  2.09952928e-02
 -1.60176121e-03  3.49748991e-02 -2.97794910e-03 -3.37204784e-02
  1.60458740e-02 -8.20914656e-02 -6.43398538e-02  1.02666032e-03
 -5.83316982e-02 -7.83588290e-02 -1.75499693e-02 -1.92221589e-02
 -4.99799699e-02  2.41484959e-02 -1.38695538e-02  6.63578063e-02
  2.86594965e-02 -4.53054197e-02  2.39608530e-02  1.14047416e-02
  1.56477224e-02 -2.76863072e-02 -1.12074763e-02 -1.08234370e-02
 -1.71485581e-02  1.42613202e-02  3.09070386e-02 -5.55532426e-03
 -1.67358965e-02 -8.27194303e-02 -5.61047643e-02  4.14186791e-02
  2.96786055e-03 -1.76737865e-03  3.61691192e-02  7.58055076e-02
 -4.36300375e-02  1.27534866e-02 -1.82793438e-02  1.96453854e-02
 -4.40364368e-02  2.18336657e-02  3.31695192e-02 -2.12843604e-02
 -3.11610717e-02  3.45667787e-02 -1.52329691e-02  6.05572276e-02
 -9.82661825e-03 -3.63895334e-02 -4.36104424e-02 -7.25508630e-02
 -1.69504080e-02 -2.43689716e-02  2.73417067e-02 -1.88862495e-02
 -4.90619466e-02  7.80550987e-02 -7.35348556e-04  6.74419850e-02
  2.68529356e-02  2.21547093e-02  4.49218303e-02  1.74923353e-02
  1.70481913e-02 -4.70058573e-03 -3.28571312e-02 -4.16152775e-02
 -2.23339498e-02  4.92228419e-02  2.11996830e-05  4.29330580e-02
 -1.89032331e-02  4.93593700e-02  1.43207768e-02  4.01666425e-02
 -2.24517100e-02  2.59345192e-02 -4.25610654e-02 -7.47514218e-02
  6.41836226e-02  4.42891829e-02  2.33101379e-02 -5.39535172e-02
  4.66127507e-02 -2.46931612e-02 -2.33609676e-02 -5.78811066e-03
  3.26867364e-02  2.80300174e-02  6.32526865e-03  1.21580981e-01
  4.07132432e-02 -2.60257889e-02  2.42921431e-03  2.93890517e-02
  2.01433599e-02 -7.08459318e-02  6.00243025e-02 -6.71621552e-03
  1.90431438e-02 -3.47493961e-02 -5.79517975e-04  2.49299295e-02
 -6.00810200e-02 -4.91057895e-02  2.11212747e-02 -1.27583025e-02
  1.01888785e-02 -1.12754824e-02 -2.37961486e-02 -1.74313076e-02
 -5.29989116e-02 -3.76217510e-03 -1.94272399e-02  5.79733811e-02
 -2.53816787e-02 -3.00310608e-02  3.58644240e-02 -3.30636799e-02
 -3.91468965e-02  9.51795187e-03 -2.23291777e-02 -9.19024833e-03
  6.36157754e-04  1.47736948e-02 -5.65823028e-03  3.29510234e-02
  7.87067600e-03  3.46638337e-02 -4.09217039e-03  3.10786720e-03
 -1.07955048e-02 -4.52855462e-03 -5.40029369e-02 -1.12657659e-02
 -2.13232636e-02  1.55706862e-02 -5.44208884e-02 -3.37735284e-03
 -1.81468874e-02  2.77998876e-02  8.77774507e-03  3.49854827e-02
  1.40516125e-02 -3.73292193e-02 -9.27373674e-03 -1.72337331e-02
 -3.29177566e-02 -4.46648449e-02 -1.69545542e-02 -8.23832229e-02
  7.20922602e-04  4.72850129e-02 -2.11583655e-02 -2.06983294e-02
 -9.83135551e-02  1.21900104e-02  3.21797840e-02  4.09450606e-02
  5.04905321e-02 -4.30978574e-02  2.03298796e-02 -2.01390963e-02
  1.01579791e-02  2.88919322e-02 -5.24881035e-02  4.11462262e-02
 -1.37884365e-02 -7.21091265e-03 -8.06710962e-03  3.13427076e-02
  4.62510437e-02 -5.29226735e-02 -1.43265747e-03 -1.86679065e-02
 -1.24992384e-02  9.34305787e-03  3.77142779e-03  3.39796506e-02
  4.40824963e-02  7.44029433e-02 -6.88310191e-02  5.46158068e-02
  1.11518251e-02  1.14622824e-02 -8.25538766e-04 -2.49565560e-02
  2.15961393e-02  6.01312472e-03  2.82004923e-02  3.72206420e-02
 -1.28426282e-02  1.83158536e-02 -8.01943522e-03 -6.05836175e-02
 -8.94652605e-02  6.05702288e-02  1.01370281e-02 -8.33125338e-02
  2.87770573e-02 -3.36451009e-02  5.59525983e-03 -3.49484496e-02
 -2.10497137e-02 -4.67439555e-02 -6.25340417e-02  5.19172326e-02
 -2.69793235e-02  5.03692701e-02 -3.59656364e-02  6.05039075e-02
 -9.09097493e-02  2.05525775e-02  4.33338247e-02  1.32535351e-02
  5.74086793e-04  6.41353615e-03 -2.69050170e-02 -1.27032539e-02
 -3.28755081e-02 -1.50629785e-02  4.17391025e-03 -2.93977018e-02
 -9.45243333e-03  4.56601903e-02  6.06723428e-02 -1.42524745e-02
 -5.93403215e-03 -4.15971130e-02  4.73329909e-02 -1.88274886e-02
 -3.55836051e-03 -7.57454038e-02  1.94059741e-02 -2.02490259e-02
 -4.50878963e-03 -1.03237797e-02  1.94084886e-02 -4.22561020e-02
 -6.71481118e-02 -3.50271501e-02 -3.17756413e-03  2.95724794e-02
  6.19388968e-02 -6.13739481e-03 -6.20049834e-02  4.11520451e-02
  4.48832251e-02 -1.72739022e-03  1.03544490e-02 -4.69359495e-02
 -8.34791281e-04 -9.59229190e-03 -3.14309709e-02  1.57743338e-02
  3.36425379e-02 -2.22881790e-02 -1.53400516e-02  8.19941866e-04
 -3.37895118e-02  5.67251965e-02  1.16871148e-02 -4.96999808e-02
  9.78047587e-03  5.99786825e-03 -3.39444913e-03  6.68200850e-02
 -8.60559046e-02 -1.53359333e-02  4.54757251e-02 -5.17130124e-33
 -1.53341051e-02  1.72438454e-02  2.52412967e-02 -8.52819756e-02
 -2.44895574e-02 -6.40526712e-02  4.16668598e-03  2.76419087e-05
 -2.95164101e-02  4.60127220e-02 -7.33061042e-03 -3.77682112e-02
 -9.07129236e-03 -6.33248920e-03 -5.41956455e-04  5.37441764e-03
  9.54511389e-03  3.17314342e-02  1.69610362e-02  1.05196075e-03
  1.00017358e-02  8.27419478e-03 -1.56091386e-02 -6.65122345e-02
  7.69616244e-03 -5.38562834e-02  1.50062637e-02 -2.44435370e-02
  8.33939668e-03 -3.44835445e-02 -4.49024932e-03 -2.48379018e-02
 -5.90968831e-03 -1.24739213e-02  3.10358424e-02 -4.26767990e-02
 -4.05221060e-03  1.08235301e-02  7.38238124e-03  1.99956968e-02
  3.21458317e-02 -3.64122838e-02 -4.87464964e-02 -2.69345660e-02
  2.39873659e-02  4.16307338e-03  7.21023185e-03 -2.66602356e-02
 -2.93930676e-02 -3.86601267e-03 -5.08285277e-02 -3.28944321e-03
 -3.65637727e-02  4.24936712e-02 -1.09104462e-01 -6.45984802e-03
  4.24729325e-02 -1.83534287e-02  6.72730478e-03  9.27738287e-03
  2.00741235e-02  2.64172372e-03 -1.88934412e-02  3.59088890e-02
 -1.70384962e-02 -3.88436019e-04 -4.06223312e-02 -6.75269440e-02
  6.99980184e-02 -3.64212207e-02 -1.87924430e-02 -6.49400800e-02
 -1.12999246e-01 -3.82517390e-02 -3.57436128e-02 -7.73929805e-02
  1.63101871e-02  3.51161398e-02  2.73352657e-02  2.87185777e-02
  8.20823666e-03 -2.17633713e-02  2.42717378e-02 -1.37355588e-02
  1.50211617e-01 -3.89692113e-02 -4.58776690e-02  5.25330752e-02
 -2.68519800e-02 -7.48960376e-02  5.53819425e-02  4.98862676e-02
 -1.09804785e-02  4.43974473e-02  5.25995158e-02  1.55361900e-02
 -1.95233710e-02  1.12111103e-02 -5.80268167e-03 -6.40149554e-03
  1.74617637e-02 -1.85501762e-02 -1.24350074e-03  2.82369624e-03
  1.46083850e-02  5.10277115e-02  7.07969535e-03 -6.02769840e-04
  1.79346148e-02 -1.06459819e-02  1.72451362e-02 -9.74208768e-03
 -2.12046169e-02  7.39421370e-03  7.78440759e-03 -1.60596147e-02
 -3.85163352e-02 -5.49476035e-02  2.68420260e-02 -3.40061449e-02
  4.61762175e-02  7.25587755e-02  1.80699266e-02 -5.12677059e-02
  2.65873410e-02  2.40607746e-03  3.40642892e-02  3.24119925e-02
 -2.75986325e-02  1.82922352e-02 -2.70192288e-02 -5.60217835e-02
  2.43811485e-07 -9.51275506e-05  3.56686749e-02  4.09767330e-02
 -2.30020937e-02  5.64884627e-03 -4.16962691e-02 -7.34272078e-02
  8.43119919e-02 -1.32054817e-02  5.54108657e-02  1.24994218e-02
 -4.01479043e-02 -1.11535443e-02 -2.43133623e-02  3.11971493e-02
  9.66336112e-04  4.50586751e-02 -3.45191211e-02 -3.20834182e-02
 -3.13034095e-03  4.69170175e-02 -4.27062958e-02 -3.13140452e-02
  4.73309960e-03  7.37244077e-03  1.12419100e-02 -5.18894522e-03
  2.11400241e-02  1.89610198e-02  1.65963750e-02  3.99459675e-02
 -1.10211940e-02 -2.22887620e-02  1.33039709e-02  1.35348048e-02
 -1.68052781e-02 -3.60892154e-03 -1.23315891e-02  5.76110035e-02
 -2.07580393e-03  2.32095248e-03 -5.85523397e-02  4.34898473e-02
 -3.05903284e-03  4.76582535e-02  1.10168830e-01 -1.37262093e-02
  2.93154567e-02 -5.75732952e-03  2.49835616e-03  4.93710078e-02
  2.88863331e-02  5.32968268e-02 -3.18365498e-03  3.43207158e-02
 -3.10933851e-02  2.14638747e-02 -1.87130459e-02 -3.47037762e-02
 -3.41903754e-02 -2.43401770e-02  2.08563786e-02  3.16026136e-02
  1.11808786e-02  1.56839676e-02  6.65417388e-02 -2.62157135e-02
  2.26754008e-34  7.87171256e-03  9.36208107e-03  2.99768485e-02
 -3.27901095e-02  4.46953960e-02  2.30312943e-02 -2.99578961e-02
 -1.49447266e-02  9.06163603e-02 -3.52972746e-02 -2.24387497e-02]"
